{
  "eval_loss": 0.6570131778717041,
  "eval_macro_f1": 0.3333333333333333,
  "eval_spam_precision": 0.5,
  "eval_spam_recall": 1.0,
  "eval_pr_auc": 0.9485942728287594,
  "eval_runtime": 18.0284,
  "eval_samples_per_second": 11.094,
  "eval_steps_per_second": 1.387,
  "epoch": 0.2
}