holdout_channel,model,accuracy,macro_f1,spam_precision,spam_recall,pr_auc,composite_score
email,logistic_regression,0.3152565642697786,0.25147022613395364,0.30877989177866993,0.9833240689271817,0.42470879184329313,0.5875764256807862
sms,logistic_regression,0.6835369400814427,0.5996150012502184,0.27019498607242337,0.9065420560747663,0.48296157800112177,0.6565454299767167
